{"cameraMode":{"drawMode":0,"name":"Shaded","section":"Shading Mode"},"sceneLighting":true,"audioPlay":false,"sceneViewState":{"m_AlwaysRefresh":false,"showFog":true,"showSkybox":true,"showFlares":true,"showImageEffects":true,"showParticleSystems":true,"showVisualEffectGraphs":true,"m_FxEnabled":true},"in2DMode":false,"pivot":{"x":-11.958687782287598,"y":10.550844192504883,"z":-26.96368980407715},"rotation":{"x":0.10693396627902985,"y":-0.33462101221084597,"z":0.03824780881404877,"w":0.9355193972587586},"size":18.027368545532228,"orthographic":true}