{"cameraMode":{"drawMode":0,"name":"Shaded","section":"Shading Mode"},"sceneLighting":false,"audioPlay":false,"sceneViewState":{"m_AlwaysRefresh":false,"showFog":true,"showSkybox":false,"showFlares":true,"showImageEffects":true,"showParticleSystems":true,"showVisualEffectGraphs":true,"m_FxEnabled":true},"in2DMode":false,"pivot":{"x":14.62545394897461,"y":0.4524846076965332,"z":31.37356948852539},"rotation":{"x":0.04278199002146721,"y":-0.027476413175463678,"z":0.0011819287901744247,"w":0.9987316727638245},"size":19.037080764770509,"orthographic":false}